{
  "validation": {
    "tp": 1073,
    "fp": 310,
    "fn": 895,
    "tn": 63659,
    "precision": 0.7758496023138105,
    "recall": 0.5452235772357723,
    "f1": 0.6404058490002983,
    "fpr": 0.004846097328393441,
    "day_recall": 0.8775510204081632,
    "day_fpr": 0.15527950310559005,
    "n_atk_days": 49,
    "n_cln_days": 161,
    "pa_tp": 1812,
    "pa_fp": 310,
    "pa_fn": 156,
    "pa_tn": 63659,
    "pa_precision": 0.8539114043355325,
    "pa_recall": 0.9207317073170732,
    "pa_f1": 0.8860635696821516,
    "pa_fpr": 0.004846097328393441,
    "threshold": 0.27
  },
  "site5_6.0kw_2021_2022_attack_sa_5pct": {
    "tp": 1245,
    "fp": 3021,
    "fn": 2455,
    "tn": 60167,
    "precision": 0.2918424753867792,
    "recall": 0.3364864864864865,
    "f1": 0.31257845844840576,
    "fpr": 0.047809710704564155,
    "day_recall": 0.6263157894736842,
    "day_fpr": 0.356,
    "n_atk_days": 190,
    "n_cln_days": 500,
    "pa_tp": 2482,
    "pa_fp": 3021,
    "pa_fn": 1218,
    "pa_tn": 60167,
    "pa_precision": 0.45102671270216244,
    "pa_recall": 0.6708108108108108,
    "pa_f1": 0.5393893295664458,
    "pa_fpr": 0.047809710704564155,
    "threshold": 0.27
  },
  "site5_6.0kw_2021_2022_attack_sa_8pct": {
    "tp": 1849,
    "fp": 3024,
    "fn": 1851,
    "tn": 60164,
    "precision": 0.3794377180381695,
    "recall": 0.49972972972972973,
    "f1": 0.4313542517205179,
    "fpr": 0.04785718807368488,
    "day_recall": 0.7368421052631579,
    "day_fpr": 0.356,
    "n_atk_days": 190,
    "n_cln_days": 500,
    "pa_tp": 2884,
    "pa_fp": 3024,
    "pa_fn": 816,
    "pa_tn": 60164,
    "pa_precision": 0.4881516587677725,
    "pa_recall": 0.7794594594594595,
    "pa_f1": 0.6003330557868443,
    "pa_fpr": 0.04785718807368488,
    "threshold": 0.27
  },
  "site5_6.0kw_2021_2022_attack_sa_10pct": {
    "tp": 2186,
    "fp": 3026,
    "fn": 1514,
    "tn": 60162,
    "precision": 0.41941673062164236,
    "recall": 0.5908108108108108,
    "f1": 0.4905745062836625,
    "fpr": 0.04788883965309869,
    "day_recall": 0.8210526315789474,
    "day_fpr": 0.356,
    "n_atk_days": 190,
    "n_cln_days": 500,
    "pa_tp": 3166,
    "pa_fp": 3026,
    "pa_fn": 534,
    "pa_tn": 60162,
    "pa_precision": 0.5113049095607235,
    "pa_recall": 0.8556756756756757,
    "pa_f1": 0.6401132228063081,
    "pa_fpr": 0.04788883965309869,
    "threshold": 0.27
  }
}