{
  "validation": {
    "tp": 1473,
    "fp": 82,
    "fn": 486,
    "tn": 36834,
    "accuracy": 0.9853890675241157,
    "precision": 0.9472668810289389,
    "recall": 0.7519142419601837,
    "f1": 0.838360842344906,
    "fpr": 0.0022212590746559756,
    "pa_tp": 1808,
    "pa_fp": 82,
    "pa_fn": 151,
    "pa_tn": 36834,
    "pa_precision": 0.9566137566137566,
    "pa_recall": 0.9229198570699336,
    "pa_f1": 0.9394647960509223,
    "pa_fpr": 0.0022212590746559756,
    "day_recall": 0.8775510204081632,
    "day_fpr": 0.06329113924050633,
    "n_atk_days": 49,
    "n_cln_days": 158,
    "threshold": 0.5581638730812076
  },
  "site5_6.0kw_2021_2022_attack_sa_5pct": {
    "tp": 1164,
    "fp": 169,
    "fn": 2426,
    "tn": 55784,
    "accuracy": 0.9564180508204155,
    "precision": 0.873218304576144,
    "recall": 0.32423398328690806,
    "f1": 0.4728823887873248,
    "fpr": 0.0030203921148106447,
    "pa_tp": 2083,
    "pa_fp": 169,
    "pa_fn": 1507,
    "pa_tn": 55784,
    "pa_precision": 0.9249555950266429,
    "pa_recall": 0.5802228412256267,
    "pa_f1": 0.7131119479630262,
    "pa_fpr": 0.0030203921148106447,
    "day_recall": 0.5608465608465608,
    "day_fpr": 0.0708502024291498,
    "n_atk_days": 189,
    "n_cln_days": 494,
    "threshold": 0.5581638730812076
  },
  "site5_6.0kw_2021_2022_attack_sa_8pct": {
    "tp": 2141,
    "fp": 147,
    "fn": 1449,
    "tn": 55806,
    "accuracy": 0.9731958416606487,
    "precision": 0.9357517482517482,
    "recall": 0.5963788300835655,
    "f1": 0.7284790745151412,
    "fpr": 0.0026272049756045253,
    "pa_tp": 2766,
    "pa_fp": 147,
    "pa_fn": 824,
    "pa_tn": 55806,
    "pa_precision": 0.9495365602471678,
    "pa_recall": 0.7704735376044568,
    "pa_f1": 0.850684299554052,
    "pa_fpr": 0.0026272049756045253,
    "day_recall": 0.7513227513227513,
    "day_fpr": 0.0708502024291498,
    "n_atk_days": 189,
    "n_cln_days": 494,
    "threshold": 0.5581638730812076
  },
  "site5_6.0kw_2021_2022_attack_sa_10pct": {
    "tp": 2473,
    "fp": 140,
    "fn": 1117,
    "tn": 55813,
    "accuracy": 0.9788892061199469,
    "precision": 0.9464217374665136,
    "recall": 0.688857938718663,
    "f1": 0.7973561180074158,
    "fpr": 0.0025020999767662146,
    "pa_tp": 3162,
    "pa_fp": 140,
    "pa_fn": 428,
    "pa_tn": 55813,
    "pa_precision": 0.9576014536644458,
    "pa_recall": 0.8807799442896936,
    "pa_f1": 0.9175856065002902,
    "pa_fpr": 0.0025020999767662146,
    "day_recall": 0.8465608465608465,
    "day_fpr": 0.0708502024291498,
    "n_atk_days": 189,
    "n_cln_days": 494,
    "threshold": 0.5581638730812076
  }
}