{
  "validation": {
    "label": "validation",
    "tp": 1856,
    "fp": 388,
    "fn": 106,
    "tn": 38806,
    "precision": 0.8270944741532977,
    "recall": 0.9459734964322121,
    "f1": 0.8825487398953875,
    "fpr": 0.00989947440934837,
    "day_recall": 0.8979591836734694,
    "day_fpr": 0.21875,
    "n_atk_days": 49,
    "det_atk_days": 44,
    "n_cln_days": 160,
    "fa_days": 35
  },
  "site5_6.0kw_2021_2022_attack_sa_5pct": {
    "label": "site5_6.0kw_2021_2022_attack_sa_5pct",
    "tp": 2262,
    "fp": 327,
    "fn": 1442,
    "tn": 63065,
    "precision": 0.8736964078794901,
    "recall": 0.6106911447084233,
    "f1": 0.7188940092165899,
    "fpr": 0.005158379606259465,
    "day_recall": 0.6684210526315789,
    "day_fpr": 0.174,
    "n_atk_days": 190,
    "det_atk_days": 127,
    "n_cln_days": 500,
    "fa_days": 87
  },
  "site5_6.0kw_2021_2022_attack_sa_8pct": {
    "label": "site5_6.0kw_2021_2022_attack_sa_8pct",
    "tp": 3080,
    "fp": 333,
    "fn": 624,
    "tn": 63059,
    "precision": 0.902431878113097,
    "recall": 0.8315334773218143,
    "f1": 0.8655332302936631,
    "fpr": 0.0052530287733467945,
    "day_recall": 0.8421052631578947,
    "day_fpr": 0.174,
    "n_atk_days": 190,
    "det_atk_days": 160,
    "n_cln_days": 500,
    "fa_days": 87
  },
  "site5_6.0kw_2021_2022_attack_sa_10pct": {
    "label": "site5_6.0kw_2021_2022_attack_sa_10pct",
    "tp": 3380,
    "fp": 311,
    "fn": 324,
    "tn": 63081,
    "precision": 0.915740991601192,
    "recall": 0.9125269978401728,
    "f1": 0.914131169709263,
    "fpr": 0.0049059818273599195,
    "day_recall": 0.9052631578947369,
    "day_fpr": 0.172,
    "n_atk_days": 190,
    "det_atk_days": 172,
    "n_cln_days": 500,
    "fa_days": 86
  }
}